Symbol,Name,LastSale,MarketCap,ADR TSO,IPOyear,Sector,industry,Summary Quote
FAX,Aberdeen Asia-Pacific Income Fund Inc,7.52,1962539520,n/a,1986,n/a,n/a,http://www.nasdaq.com/symbol/fax
IAF,Aberdeen Australia Equity Fund Inc,10.17,229577580,n/a,1985,n/a,n/a,http://www.nasdaq.com/symbol/iaf
CH,"Aberdeen Chile Fund, Inc.",16.25,150816250,n/a,n/a,n/a,n/a,http://www.nasdaq.com/symbol/ch
ETF,Aberdeen Emerging Markets Telecommunications and Infrastructur,19.05,157105350,n/a,1992,n/a,n/a,http://www.nasdaq.com/symbol/etf
FCO,"Aberdeen Global Income Fund, Inc.",13.88,124795080,n/a,1992,n/a,n/a,http://www.nasdaq.com/symbol/fco
IF,"Aberdeen Indonesia Fund, Inc.",13.37,110596640,n/a,1990,n/a,n/a,http://www.nasdaq.com/symbol/if
ISL,"Aberdeen Israel Fund, Inc.",12.9848,55484050.4,n/a,1992,n/a,n/a,http://www.nasdaq.com/symbol/isl
AXK,Accelr8 Technology Corporation,3.8,40876600,n/a,n/a,Capital Goods,Biotechnology: Laboratory Analytical Instruments,http://www.nasdaq.com/symbol/axk
ACU,Acme United Corporation.,10.85,34069000,n/a,1988,Capital Goods,Industrial Machinery/Components,http://www.nasdaq.com/symbol/acu
AQ            ,Acquity Group Limited,6.01,0,n/a,n/a,n/a,n/a,http://www.nasdaq.com/symbol/aq            
AE,"Adams Resources & Energy, Inc.",44.25,186646500,n/a,n/a,Energy,Oil Refining/Marketing,http://www.nasdaq.com/symbol/ae
ADK,Adcare Health Systems Inc,3.93,47953860,n/a,n/a,Health Care,Hospital/Nursing Management,http://www.nasdaq.com/symbol/adk
API,"Advanced Photonix, Inc.",0.72,22297680,n/a,n/a,Technology,Semiconductors,http://www.nasdaq.com/symbol/api
ANX,"ADVENTRX Pharmaceuticals, Inc.",0.54,25766640,n/a,n/a,Consumer Durables,Major Pharmaceuticals,http://www.nasdaq.com/symbol/anx
ACY,AeroCentury Corp.,13.73,21185390,n/a,n/a,Technology,Diversified Commercial Services,http://www.nasdaq.com/symbol/acy
AIM,Aerosonic Corporation,3.65,13778750,n/a,n/a,Capital Goods,Industrial Machinery/Components,http://www.nasdaq.com/symbol/aim
AA^,Alcoa Inc.,85.3685,56343210,n/a,n/a,n/a,n/a,http://www.nasdaq.com/symbol/aa^
AXX,Alderon Iron Ore Corp.,2.75,232974500,n/a,n/a,n/a,n/a,http://www.nasdaq.com/symbol/axx
AXU,Alexco Resource Corp,5.38,322466440,n/a,n/a,Basic Industries,Precious Metals,http://www.nasdaq.com/symbol/axu
ANV,Allied Nevada Gold Corp,26.29,2363339550,n/a,n/a,Basic Industries,Precious Metals,http://www.nasdaq.com/symbol/anv
AAU,"Almaden Minerals, Ltd.",2,118244000,n/a,n/a,Basic Industries,Precious Metals,http://www.nasdaq.com/symbol/aau
APT,"Alpha Pro Tech, Ltd.",1.39,29149690,n/a,n/a,Health Care,Industrial Specialties,http://www.nasdaq.com/symbol/apt
DIT,AMCON Distributing Company,64.5,39216000,n/a,n/a,Consumer Non-Durables,Food Distributors,http://www.nasdaq.com/symbol/dit
APP,American Apparel Inc,0.9,95307300,n/a,1994,Finance,Business Services,http://www.nasdaq.com/symbol/app
ADGE,American DG Energy Inc.,2.84,132346840,n/a,n/a,Energy,Electric Utilities: Central,http://www.nasdaq.com/symbol/adge
ALN,American Lorain Corporation,1.25,43135000,n/a,n/a,Consumer Non-Durables,Packaged Foods,http://www.nasdaq.com/symbol/aln
AMS,American Shared Hospital Services,3.3,15219600,n/a,n/a,Health Care,Medical Specialities,http://www.nasdaq.com/symbol/ams
AQQ,"American Spectrum Realty, Inc.",4.53,16208340,n/a,n/a,Consumer Services,Real Estate Investment Trusts,http://www.nasdaq.com/symbol/aqq
ANO,Anooraq Resources Corporation,0.298,60162624,n/a,n/a,n/a,n/a,http://www.nasdaq.com/symbol/ano
AIS,"Antares Pharma, Inc.",3.09,322200480,n/a,n/a,n/a,n/a,http://www.nasdaq.com/symbol/ais
BRD,Apollo Gold Corporation,0.795,160207605,n/a,n/a,n/a,n/a,http://www.nasdaq.com/symbol/brd
AGX,"Argan, Inc.",14.43,197084940,n/a,n/a,Basic Industries,Engineering & Construction,http://www.nasdaq.com/symbol/agx
ARR/WS,Armour Residential R,0.0185,0,n/a,n/a,n/a,n/a,http://www.nasdaq.com/symbol/arr/ws
HRT,Arrhythmia Research Technology Inc.,2.89,8065990,n/a,n/a,Health Care,Biotechnology: Electromedical & Electrotherapeutic Apparatus,http://www.nasdaq.com/symbol/hrt
ATC,ATC Venture Group Inc.,0.212,1503292,n/a,1986,Capital Goods,Auto Parts:O.E.M.,http://www.nasdaq.com/symbol/atc
AZC,Augusta Resource Corporation,2.15,307794000,n/a,n/a,Basic Industries,Precious Metals,http://www.nasdaq.com/symbol/azc
AZK,"Aurizon Mines, Ltd.",4.58,746869760,n/a,n/a,Basic Industries,Precious Metals,http://www.nasdaq.com/symbol/azk
AWX,Avalon Holdings Corporation,5.04,16082640,n/a,n/a,Public Utilities,Environmental Services,http://www.nasdaq.com/symbol/awx
AVL,"Avalon Rare Metals, Inc.",1.77,181633860,n/a,1980,n/a,n/a,http://www.nasdaq.com/symbol/avl
ASM,Avino Silver,1.5199,40868591.1,n/a,1992,n/a,n/a,http://www.nasdaq.com/symbol/asm
BONE,"Bacterin International Holdings, Inc.",1.61,68305860,n/a,n/a,n/a,n/a,http://www.nasdaq.com/symbol/bone
BKR,Baker (Michael) Corporation,23.49,224893260,n/a,n/a,Consumer Services,Other Consumer Services,http://www.nasdaq.com/symbol/bkr
BTN,"Ballantyne Strong, Inc",5.77,80999260,n/a,1995,Miscellaneous,Industrial Machinery/Components,http://www.nasdaq.com/symbol/btn
BKJ,"Bancorp of New Jersey, Inc",9.45,49206150,n/a,n/a,Finance,Major Banks,http://www.nasdaq.com/symbol/bkj
BCV,"Bancroft Convertible Fund, Inc.",16.17,85959720,n/a,n/a,n/a,n/a,http://www.nasdaq.com/symbol/bcv
BAA,BANRO CORPORATION,3.8,748888800,n/a,n/a,Basic Industries,Precious Metals,http://www.nasdaq.com/symbol/baa
BHB,"Bar Harbor Bankshares, Inc.",35.86,139208520,n/a,n/a,Finance,Major Banks,http://www.nasdaq.com/symbol/bhb
BRN,"Barnwell Industries, Inc.",3.05,25244850,n/a,n/a,Energy,Oil & Gas Production,http://www.nasdaq.com/symbol/brn
BIR^A,"Berkshire Income Realty, Inc.",27.15,80852700,n/a,n/a,n/a,n/a,http://www.nasdaq.com/symbol/bir^a
BTX,"BioTime, Inc.",3.74,188279080,n/a,1992,Health Care,Biotechnology: Biological Products (No Diagnostic Substances),http://www.nasdaq.com/symbol/btx
BMJ,Birks & Mayors Inc.,1.01,3709730,n/a,n/a,Consumer Services,Consumer Specialties,http://www.nasdaq.com/symbol/bmj
RFA,BlackRock Florida Investment Quality Municipal Trust Inc. (The,13.36,15070080,n/a,1993,n/a,n/a,http://www.nasdaq.com/symbol/rfa
BZM,BlackRock Maryland Municipal Bond Trust,17.63,36441210,n/a,2002,n/a,n/a,http://www.nasdaq.com/symbol/bzm
BLE,BlackRock Municipal Income Trust II,15.89,370793150,n/a,1992,n/a,n/a,http://www.nasdaq.com/symbol/ble
RNJ,BlackRock New Jersey Investment Quality Municipal Trust Inc.,13.81,14044770,n/a,1993,n/a,n/a,http://www.nasdaq.com/symbol/rnj
BLJ,Blackrock New Jersey Municipal Bond Trust,17.48,40536120,n/a,2002,n/a,n/a,http://www.nasdaq.com/symbol/blj
RNY,BlackRock New York Investment Quality Municipal Trust Inc. (Th,15.2,20003200,n/a,1993,n/a,n/a,http://www.nasdaq.com/symbol/rny
BFY,BlackRock New York Municipal Income Trust II,16.28,80862760,n/a,2002,n/a,n/a,http://www.nasdaq.com/symbol/bfy
BPS,BlackRock Pennsylvania Strategic Municipal Trust (The),15.3,31013100,n/a,1994,n/a,n/a,http://www.nasdaq.com/symbol/bps
BHV,BlackRock Virginia Municipal Bond Trust,20.81,32796560,n/a,2002,n/a,n/a,http://www.nasdaq.com/symbol/bhv
BDR,"Blonder Tongue Laboratories, Inc.",1.15,7148400,n/a,1995,Technology,Radio And Television Broadcasting And Communications Equipment,http://www.nasdaq.com/symbol/bdr
BVX,Bovie Medical Corporation,2.8045,49830356,n/a,n/a,Health Care,Medical/Dental Instruments,http://www.nasdaq.com/symbol/bvx
BWL/A,"Bowl America, Inc.",13.4499,49535981.7,n/a,n/a,n/a,n/a,http://www.nasdaq.com/symbol/bwl/a
BZC,Breeze-Eastern Corporation,8.28,78577200,n/a,n/a,Capital Goods,Military/Government/Technical,http://www.nasdaq.com/symbol/bzc
BTI,"British American Tobacco  Industries, p.l.c.",100.51,3894863010,n/a,n/a,Consumer Non-Durables,Farming/Seeds/Milling,http://www.nasdaq.com/symbol/bti
CAK,CAMAC Energy Inc.,0.78,121961580,n/a,n/a,n/a,n/a,http://www.nasdaq.com/symbol/cak
CDY,Cardero Resource Corporation,0.86,78705480,n/a,n/a,n/a,n/a,http://www.nasdaq.com/symbol/cdy
CXM,"Cardium Therapeutics, Inc.",0.249,29784633,n/a,n/a,Health Care,Biotechnology: Biological Products (No Diagnostic Substances),http://www.nasdaq.com/symbol/cxm
ROX,"Castle Brands, Inc.",0.3,32415600,n/a,2006,Consumer Non-Durables,Beverages (Production/Distribution),http://www.nasdaq.com/symbol/rox
CAW,"CCA Industries, Inc.",4.5,27391500,n/a,n/a,Consumer Non-Durables,Package Goods/Cosmetics,http://www.nasdaq.com/symbol/caw
CVM,Cel-Sci Corporation,0.51,130468200,n/a,n/a,Health Care,Biotechnology: Biological Products (No Diagnostic Substances),http://www.nasdaq.com/symbol/cvm
CEF,Central Fund of Canada Limited,19.85,4729917550,n/a,n/a,n/a,n/a,http://www.nasdaq.com/symbol/cef
GTU,Central Gold Trust,59.2,646345600,n/a,n/a,n/a,n/a,http://www.nasdaq.com/symbol/gtu
CET,Central Securities Corporation,21.4583,493648191.5,n/a,n/a,n/a,n/a,http://www.nasdaq.com/symbol/cet
CCF,Chase Corporation,12.23,110705960,n/a,n/a,Consumer Durables,Building Products,http://www.nasdaq.com/symbol/ccf
CQP,"Cheniere Energy Partners, LP",25.53,798272040,n/a,2007,Public Utilities,Oil/Gas Transmission,http://www.nasdaq.com/symbol/cqp
LNG,"Cheniere Energy, Inc.",17.4,2704725600,n/a,n/a,Energy,Oil & Gas Production,http://www.nasdaq.com/symbol/lng
CVR,Chicago Rivet & Machine Co.,19,18354000,n/a,n/a,Technology,Industrial Machinery/Components,http://www.nasdaq.com/symbol/cvr
AXN,"China Aoxing Pharmaceutical Company, Inc.",0.4054,20033246.4,n/a,n/a,n/a,n/a,http://www.nasdaq.com/symbol/axn
CNAM,"China Armco Metals, Inc.",0.7,10998400,n/a,n/a,Consumer Durables,Steel/Iron Ore,http://www.nasdaq.com/symbol/cnam
CBP,China Botanic Pharmaceutical Inc.,0.6,22344000,n/a,n/a,n/a,n/a,http://www.nasdaq.com/symbol/cbp
CHGS,"China GengSheng Minerals, Inc.",0.65,17421950,n/a,n/a,Consumer Durables,Miscellaneous manufacturing industries,http://www.nasdaq.com/symbol/chgs
CMFO,China Marine Food Group Limited,0.89,26431220,n/a,n/a,Consumer Non-Durables,Packaged Foods,http://www.nasdaq.com/symbol/cmfo
CNR,China Metro-Rural Holdings Limited,0.98,64331120,n/a,n/a,n/a,n/a,http://www.nasdaq.com/symbol/cnr
NEP,China North East Petroleum Holdings Limited,3.11,110669350,n/a,2004,n/a,n/a,http://www.nasdaq.com/symbol/nep
CNGL,China Nutrifruit Group Limited,0.3801,14031771.6,n/a,1997,Consumer Non-Durables,Packaged Foods,http://www.nasdaq.com/symbol/cngl
CPHI,"China Pharma Holdings, Inc.",0.5239,22805367,n/a,n/a,Consumer Durables,Major Pharmaceuticals,http://www.nasdaq.com/symbol/cphi
SHZ,"China Shen Zhou Mining & Resources, Inc.",0.91,30416750,n/a,n/a,Finance,Business Services,http://www.nasdaq.com/symbol/shz
CRC,"Chromcraft Revington, Inc.",1.31,8496660,n/a,1992,Consumer Durables,Home Furnishings,http://www.nasdaq.com/symbol/crc
MBA,CIBT Education Group Inc.,0.24,17267760,n/a,1992,n/a,n/a,http://www.nasdaq.com/symbol/mba
CKX,"CKX Lands, Inc.",12.0108,23324973.6,n/a,n/a,Energy,Oil & Gas Production,http://www.nasdaq.com/symbol/ckx
CGR,"Claude Resources, Inc.",0.73,120179900,n/a,n/a,Basic Industries,Precious Metals,http://www.nasdaq.com/symbol/cgr
GLV,Clough Global Allocation Fund,13.22,137950700,n/a,2004,n/a,n/a,http://www.nasdaq.com/symbol/glv
GLQ,Clough Global Equity Fund,12.43,221763630,n/a,2005,n/a,n/a,http://www.nasdaq.com/symbol/glq
GLO,Clough Global Opportunities Fund,11.05,571693850,n/a,1988,n/a,n/a,http://www.nasdaq.com/symbol/glo
CRV,"Coast Distribution System, Inc. (The)",2.35,11174250,n/a,n/a,Capital Goods,Automotive Aftermarket,http://www.nasdaq.com/symbol/crv
MOC,Command Security Corporation,1.19,12781790,n/a,n/a,Consumer Services,Diversified Commercial Services,http://www.nasdaq.com/symbol/moc
BTC,Community Bankers Trust Corporation.,2.2499,48660837.2,n/a,n/a,Finance,Major Banks,http://www.nasdaq.com/symbol/btc
CIX,CompX International Inc.,12.1,28870600,n/a,1998,Capital Goods,Industrial Machinery/Components,http://www.nasdaq.com/symbol/cix
LODE,"Comstock Mining, Inc.",1.95,77021100,n/a,n/a,n/a,n/a,http://www.nasdaq.com/symbol/lode
CONM,"Conmed Healthcare Management, Inc.",3.45,47986050,n/a,n/a,n/a,n/a,http://www.nasdaq.com/symbol/conm
CTO,Consolidated-Tomoka Land Co.,28.7,167349700,n/a,n/a,Finance,Real Estate,http://www.nasdaq.com/symbol/cto
CEP,"Constellation Energy Partners, LLC",2.02,47900260,n/a,n/a,n/a,n/a,http://www.nasdaq.com/symbol/cep
MCF,Contango Oil & Gas Company,54.46,836342220,n/a,1990,Energy,Oil & Gas Production,http://www.nasdaq.com/symbol/mcf
CUO,Continental Materials Corporation,13.3,21745500,n/a,n/a,Capital Goods,Building Materials,http://www.nasdaq.com/symbol/cuo
CMT,Core Molding Technologies Inc,7.99,57895540,n/a,1992,Consumer Non-Durables,Plastic Products,http://www.nasdaq.com/symbol/cmt
CRMD,CorMedix Inc,0.29,3308320,n/a,n/a,n/a,n/a,http://www.nasdaq.com/symbol/crmd
CRMD/WS,CorMedix Inc,0.025,0,n/a,n/a,n/a,n/a,http://www.nasdaq.com/symbol/crmd/ws
CFP,Cornerstone Progressive Return Fund,6.91,108452450,n/a,n/a,n/a,n/a,http://www.nasdaq.com/symbol/cfp
CRF,"Cornerstone Strategic Return Fund, Inc. (The)",6.94,45713780,n/a,1994,n/a,n/a,http://www.nasdaq.com/symbol/crf
CLM,"Cornerstone Strategic Value Fund, Inc.",7.81,112237510,n/a,1987,n/a,n/a,http://www.nasdaq.com/symbol/clm
COVR,Cover-All Technologies Inc.,1.85,47837300,n/a,n/a,n/a,n/a,http://www.nasdaq.com/symbol/covr
CVU,"CPI Aerostructures, Inc.",14.53,101826240,n/a,n/a,Capital Goods,Military/Government/Technical,http://www.nasdaq.com/symbol/cvu
CIK,"Credit Suisse Asset Management Income Fund, Inc.",3.88,194182360,n/a,n/a,n/a,n/a,http://www.nasdaq.com/symbol/cik
DHY,Credit Suisse High Yield Bond Fund,3.18,239225040,n/a,1998,n/a,n/a,http://www.nasdaq.com/symbol/dhy
EXE,"Crexendo, Inc.",3.7,38961000,n/a,n/a,n/a,n/a,http://www.nasdaq.com/symbol/exe
CXZ,Crosshair Energy Corp,0.4,18990800,n/a,n/a,Basic Industries,Mining & Quarrying of Nonmetallic Minerals (No Fuels),http://www.nasdaq.com/symbol/cxz
CRVP,"Crystal Rock Holdings, Inc.",1.0199,21814641.1,n/a,n/a,Consumer Non-Durables,Food Distributors,http://www.nasdaq.com/symbol/crvp
CTP,CTPartners Executive Search Inc.,6.3,44793000,n/a,2010,n/a,n/a,http://www.nasdaq.com/symbol/ctp
QBC,Cubic Energy Inc,0.34,26253440,n/a,n/a,n/a,n/a,http://www.nasdaq.com/symbol/qbc
DXR,Daxor Corporation,9.02,37847920,n/a,n/a,Health Care,Medical/Dental Instruments,http://www.nasdaq.com/symbol/dxr
DEJ,Dejour Energy Inc.,0.3068,40125144.8,n/a,n/a,Basic Industries,Mining & Quarrying of Nonmetallic Minerals (No Fuels),http://www.nasdaq.com/symbol/dej
VCF,"Delaware Investments Colorado Municipal Income Fund, Inc",15.45,74731650,n/a,1993,n/a,n/a,http://www.nasdaq.com/symbol/vcf
VFL,Delaware Investments Florida Insured Municipal Income Fund,13.65,75388950,n/a,1993,n/a,n/a,http://www.nasdaq.com/symbol/vfl
VMM,"Delaware Investments Minnesota Municipal Income Fund II, Inc.",14.515,166995075,n/a,1993,n/a,n/a,http://www.nasdaq.com/symbol/vmm
DLA,"Delta Apparel, Inc.",14.38,121511000,n/a,n/a,Consumer Non-Durables,Apparel,http://www.nasdaq.com/symbol/dla
DGSE,"DGSE Companies, Inc.",7.43,83364600,n/a,n/a,Consumer Services,Consumer Specialties,http://www.nasdaq.com/symbol/dgse
DPW,Digital Power Corporation,1.3,8905000,n/a,n/a,Capital Goods,Industrial Machinery/Components,http://www.nasdaq.com/symbol/dpw
DSS,"Document Security Systems, Inc.",3.12,64705680,n/a,n/a,n/a,n/a,http://www.nasdaq.com/symbol/dss
DRJ,"Dreams, Inc.",3.42,152771400,n/a,n/a,n/a,n/a,http://www.nasdaq.com/symbol/drj
DMF,"Dreyfus Municipal Income, Inc.",10.24,211189760,n/a,1988,n/a,n/a,http://www.nasdaq.com/symbol/dmf
GRF,"Eagle Capital Growth Fund, Inc.",6.58,20562500,n/a,n/a,n/a,n/a,http://www.nasdaq.com/symbol/grf
ESTE,"Earthstone Energy, Inc.",20,34140000,n/a,n/a,n/a,n/a,http://www.nasdaq.com/symbol/este
EVM,Eaton Vance California Municipal Bond Fund,12.53,272489910,n/a,2002,n/a,n/a,http://www.nasdaq.com/symbol/evm
EIA,Eaton Vance California Municipal Bond Fund II,13.05,50647050,n/a,2002,n/a,n/a,http://www.nasdaq.com/symbol/eia
CEV,Eaton Vance California Municipal Income Trust,14.05,101778200,n/a,1999,n/a,n/a,http://www.nasdaq.com/symbol/cev
EVV,Eaton Vance Limited Duration Income Fund,16.26,1908013440,n/a,2003,n/a,n/a,http://www.nasdaq.com/symbol/evv
MAB,Eaton Vance Massachusetts Municipal Bond Fund,15.9,28079400,n/a,2002,n/a,n/a,http://www.nasdaq.com/symbol/mab
MMV,Eaton Vance Massachusetts Municipal Income Trust,15.093,41460471,n/a,1999,n/a,n/a,http://www.nasdaq.com/symbol/mmv
MIW,Eaton Vance Michigan Municipal Bond Fund,16.15,24434950,n/a,2002,n/a,n/a,http://www.nasdaq.com/symbol/miw
EMI,Eaton Vance Michigan Municipal Income Trust,13.55,28671800,n/a,1999,n/a,n/a,http://www.nasdaq.com/symbol/emi
EIM,Eaton Vance Municipal Bond Fund,13.38,911311800,n/a,2002,n/a,n/a,http://www.nasdaq.com/symbol/eim
EIV,Eaton Vance Municipal Bond Fund II,14.51,144954900,n/a,2002,n/a,n/a,http://www.nasdaq.com/symbol/eiv
EMJ,Eaton Vance New Jersey Municipal Bond Fund,15.14,39288300,n/a,2002,n/a,n/a,http://www.nasdaq.com/symbol/emj
EVJ,Eaton Vance New Jersey Municipal Income Trust,14.19,66196350,n/a,1999,n/a,n/a,http://www.nasdaq.com/symbol/evj
ENX,Eaton Vance New York Municipal Bond Fund,14.22,225685620,n/a,2002,n/a,n/a,http://www.nasdaq.com/symbol/enx
NYH,Eaton Vance New York Municipal Bond Fund II,14.2,36408800,n/a,2002,n/a,n/a,http://www.nasdaq.com/symbol/nyh
EVY,Eaton Vance New York Municipal Income Trust,14.958,81700596,n/a,1999,n/a,n/a,http://www.nasdaq.com/symbol/evy
EIO,Eaton Vance Ohio Municipal Bond Fund,14.53,36775430,n/a,2002,n/a,n/a,http://www.nasdaq.com/symbol/eio
EVO,Eaton Vance Ohio Municipal Income Trust,14.79,42225450,n/a,1999,n/a,n/a,http://www.nasdaq.com/symbol/evo
EIP,Eaton Vance Pennsylvania Municipal Bond Fund,14.8,43748800,n/a,2002,n/a,n/a,http://www.nasdaq.com/symbol/eip
EVP,Eaton Vance Pennsylvania Municipal Income Trust,14.3,38853100,n/a,1999,n/a,n/a,http://www.nasdaq.com/symbol/evp
ECBE,ECB Bancorp Inc,9.3,26505000,n/a,n/a,Finance,Major Banks,http://www.nasdaq.com/symbol/ecbe
ELMD,"Electromed, Inc.",2.3192,18817988.8,n/a,2010,n/a,n/a,http://www.nasdaq.com/symbol/elmd
ETAK,Elephant Talk Communications Inc,2.05,233304350,n/a,n/a,n/a,n/a,http://www.nasdaq.com/symbol/etak
ELLI,"Ellie Mae, Inc.",15.4,332470600,n/a,n/a,n/a,n/a,http://www.nasdaq.com/symbol/elli
ELLO,Ellomay Capital Ltd.,6.11,65615290,n/a,n/a,n/a,n/a,http://www.nasdaq.com/symbol/ello
ECF,"Ellsworth Convertible Growth and Income Fund, Inc.",7.07,94801630,n/a,1986,n/a,n/a,http://www.nasdaq.com/symbol/ecf
EMAN,eMagin Corporation,2.97,69907860,n/a,n/a,n/a,n/a,http://www.nasdaq.com/symbol/eman
MSN,Emerson Radio Corporation,2,54260000,n/a,n/a,Consumer Non-Durables,Consumer Electronics/Appliances,http://www.nasdaq.com/symbol/msn
ESA,Energy Services Acquisition Corp,3.3,47675100,n/a,n/a,Public Utilities,Water Supply,http://www.nasdaq.com/symbol/esa
EGX,"Engex, Inc.",2.07,3367761660,n/a,n/a,n/a,n/a,http://www.nasdaq.com/symbol/egx
ENA,Enova Systems Inc.,0.1299,5565955.2,n/a,n/a,n/a,n/a,http://www.nasdaq.com/symbol/ena
EGT,Entertainment Gaming Asia Incorporated,0.815,97489485,n/a,n/a,Consumer Durables,Miscellaneous manufacturing industries,http://www.nasdaq.com/symbol/egt
EGI,Entree Gold Inc,0.9361,118900613.7,n/a,n/a,n/a,n/a,http://www.nasdaq.com/symbol/egi
EVI,"EnviroStarm, Inc.",1.26,8862840,n/a,n/a,Consumer Services,Other Consumer Services,http://www.nasdaq.com/symbol/evi
ESP,Espey Mfg. & Electronics Corp.,25.1,58282200,n/a,n/a,Capital Goods,Industrial Machinery/Components,http://www.nasdaq.com/symbol/esp
ETUA,eUnits 2 Year U.S. Market Participation Trust,10.03,0,n/a,n/a,n/a,n/a,http://www.nasdaq.com/symbol/etua
EMXX,Eurasian Minerals Inc.,2.24,117008640,n/a,n/a,n/a,n/a,http://www.nasdaq.com/symbol/emxx
EVBN,"Evans Bancorp, Inc.",15.73,65059280,n/a,n/a,Finance,Major Banks,http://www.nasdaq.com/symbol/evbn
EVK,"Ever-Glory International Group, Inc.",1.9999,29530523.4,n/a,n/a,n/a,n/a,http://www.nasdaq.com/symbol/evk
EPM,"Evolution Petroleum Corporation, Inc.",8.75,243398750,n/a,n/a,Energy,Oil & Gas Production,http://www.nasdaq.com/symbol/epm
EPM^A,"Evolution Petroleum Corporation, Inc.",26.75,0,n/a,n/a,n/a,n/a,http://www.nasdaq.com/symbol/epm^a
XRA,Exeter Resource Corporation,2.13,186004380,n/a,n/a,Basic Industries,Mining & Quarrying of Nonmetallic Minerals (No Fuels),http://www.nasdaq.com/symbol/xra
XG,Extorre Gold Mines Ltd.,3.12,288809040,n/a,n/a,n/a,n/a,http://www.nasdaq.com/symbol/xg
FPP,FieldPoint Petroleum Corporation,3.739,29848437,n/a,n/a,n/a,n/a,http://www.nasdaq.com/symbol/fpp
FPP/WS,FieldPoint Petroleum Corporation,0.89,0,n/a,n/a,n/a,n/a,http://www.nasdaq.com/symbol/fpp/ws
MXN,"First American Minnesota Municipal Income Fund II, Inc.",16.79,24731670,n/a,2002,n/a,n/a,http://www.nasdaq.com/symbol/mxn
FEN,First Trust Energy Income and Growth Fund,30.09,424569900,n/a,2004,n/a,n/a,http://www.nasdaq.com/symbol/fen
FWV,"First West Virginia Bancorp, Inc.",15.65,25869450,n/a,n/a,Finance,Major Banks,http://www.nasdaq.com/symbol/fwv
BDL,"Flanigan&#39;s Enterprises, Inc.",7.28,13540800,n/a,n/a,Consumer Services,Restaurants,http://www.nasdaq.com/symbol/bdl
FSI,Flexible Solutions International Inc.,1.8,23706000,n/a,1998,Basic Industries,Major Chemicals,http://www.nasdaq.com/symbol/fsi
FFI,"Fortune Diversified Industries, Inc.",0.2,2454200,n/a,1983,n/a,n/a,http://www.nasdaq.com/symbol/ffi
FSP,Franklin Street Properties Corp.,10.18,844298660,n/a,n/a,Consumer Services,Real Estate Investment Trusts,http://www.nasdaq.com/symbol/fsp
FTF,Franklin Templeton Limited Duration Income Trust,14.43,386536410,n/a,2003,n/a,n/a,http://www.nasdaq.com/symbol/ftf
FOH,Frederick&#39;s of Hollywood Group,0.3299,12842347.2,n/a,n/a,Consumer Non-Durables,Apparel,http://www.nasdaq.com/symbol/foh
FRD,Friedman Industries Inc.,10.89,74041110,n/a,1972,Capital Goods,Steel/Iron Ore,http://www.nasdaq.com/symbol/frd
FRS,"Frisch&#39;s Restaurants, Inc.",26.45,130610100,n/a,n/a,Consumer Services,Restaurants,http://www.nasdaq.com/symbol/frs
FLL,"Full House Resorts, Inc.",3.02,56395480,n/a,n/a,n/a,n/a,http://www.nasdaq.com/symbol/fll
GLU,Gabelli Global Utility,20.74,63858460,n/a,2004,n/a,n/a,http://www.nasdaq.com/symbol/glu
GGN,"GAMCO Global Gold, Natural Reources & Income Trust by Gabelli",14.6,1099905600,n/a,2005,n/a,n/a,http://www.nasdaq.com/symbol/ggn
GGN^A,"GAMCO Global Gold, Natural Reources & Income Trust by Gabelli",25.92,102539520,n/a,n/a,n/a,n/a,http://www.nasdaq.com/symbol/ggn^a
EGAS,Gas Natural Inc.,11.2,91336000,n/a,n/a,Public Utilities,Oil/Gas Transmission,http://www.nasdaq.com/symbol/egas
GSX,GASCO ENERGY INC,0.2198,37256100,n/a,n/a,n/a,n/a,http://www.nasdaq.com/symbol/gsx
GST,Gastar Exploration,2.14,140692160,n/a,n/a,Energy,Oil & Gas Production,http://www.nasdaq.com/symbol/gst
GST^A,Gastar Exploration,19.7,0,n/a,n/a,n/a,n/a,http://www.nasdaq.com/symbol/gst^a
JOB,"General Employment Enterprises, Inc.",0.5219,11324708.1,n/a,n/a,Technology,Diversified Commercial Services,http://www.nasdaq.com/symbol/job
GMO,"General Moly, Inc",2.93,267277530,n/a,n/a,Basic Industries,Precious Metals,http://www.nasdaq.com/symbol/gmo
GGR,GeoGlobal Resources Inc.,0.21,21367500,n/a,n/a,n/a,n/a,http://www.nasdaq.com/symbol/ggr
GOK,"Geokinetics, Inc.",1.43,27155700,n/a,n/a,Energy,Oil & Gas Production,http://www.nasdaq.com/symbol/gok
GPR,GeoPetro Resources Co,0.18,8145540,n/a,n/a,Energy,Oil & Gas Production,http://www.nasdaq.com/symbol/gpr
GIG,"GigOptix, Inc.",2.78,59972940,n/a,n/a,n/a,n/a,http://www.nasdaq.com/symbol/gig
GSB,"GlobalSCAPE, Inc.",1.9301,36077429.2,n/a,n/a,Technology,Computer Software: Prepackaged Software,http://www.nasdaq.com/symbol/gsb
GLOW,"Glowpoint, Inc.",2.42,62406960,n/a,n/a,n/a,n/a,http://www.nasdaq.com/symbol/glow
GRZ,Gold Reserve Inc,4.2,250933200,n/a,n/a,Basic Industries,Precious Metals,http://www.nasdaq.com/symbol/grz
GORO,Gold Resource Corporation,25.07,1326278210,n/a,n/a,n/a,n/a,http://www.nasdaq.com/symbol/goro
AUMN,Golden Minerals Co.,5.24,187115160,n/a,n/a,n/a,n/a,http://www.nasdaq.com/symbol/aumn
GSS,"Golden Star Resources, Ltd",1.44,372597120,n/a,n/a,Basic Industries,Precious Metals,http://www.nasdaq.com/symbol/gss
GV,Goldfield Corporation (The),1.6,40721600,n/a,n/a,Public Utilities,Water Supply,http://www.nasdaq.com/symbol/gv
GRC,Gorman-Rupp Company (The),29.11,611048010,n/a,n/a,Capital Goods,Fluid Controls,http://www.nasdaq.com/symbol/grc
GHM,Graham Corporation,20.16,200370240,n/a,n/a,Technology,Industrial Machinery/Components,http://www.nasdaq.com/symbol/ghm
GTE,Gran Tierra Energy Inc.,5.56,1481601000,n/a,n/a,n/a,n/a,http://www.nasdaq.com/symbol/gte
GBG,"Great Basin Gold, Ltd.",0.636,302564916,n/a,n/a,Basic Industries,Precious Metals,http://www.nasdaq.com/symbol/gbg
GPL,Great Panther Silver Limited,1.91,262674660,n/a,n/a,n/a,n/a,http://www.nasdaq.com/symbol/gpl
GRH,GreenHunter Energy Inc,1.8999,53347292.1,n/a,n/a,Basic Industries,Major Chemicals,http://www.nasdaq.com/symbol/grh
SIM,"Grupo Simec, S.A. de C.V.",9.67,34512230,n/a,1993,Basic Industries,Steel/Iron Ore,http://www.nasdaq.com/symbol/sim
GVP,"GSE Systems, Inc.",2.56,47093760,n/a,n/a,Technology,Computer Software: Prepackaged Software,http://www.nasdaq.com/symbol/gvp
HWG,Hallwood Group Incorporated,8.85,13496250,n/a,n/a,Basic Industries,Textiles,http://www.nasdaq.com/symbol/hwg
HBP,Helix Biopherma Cp,1.47,98778120,n/a,n/a,n/a,n/a,http://www.nasdaq.com/symbol/hbp
HEB,"Hemispherx BioPharma, Inc.",0.261,35482950,n/a,n/a,Health Care,Biotechnology: Biological Products (No Diagnostic Substances),http://www.nasdaq.com/symbol/heb
HLM^,Hillman Group Capital Trust,30.06,126793080,n/a,n/a,n/a,n/a,http://www.nasdaq.com/symbol/hlm^
HKN,"HKN, Inc.",2.36,43615160,n/a,n/a,Energy,Oil & Gas Production,http://www.nasdaq.com/symbol/hkn
HMG,"HMG/Courtland Properties, Inc.",4.5,4545000,n/a,n/a,Consumer Services,Real Estate Investment Trusts,http://www.nasdaq.com/symbol/hmg
HH,"Hooper Holmes, Inc.",0.6,42048000,n/a,n/a,Health Care,Hospital/Nursing Management,http://www.nasdaq.com/symbol/hh
HUSA,Houston American Energy Corporation,1.64,51110600,n/a,n/a,Energy,Oil & Gas Production,http://www.nasdaq.com/symbol/husa
IBIO,"iBio, Inc.",1.609,76857103,n/a,n/a,n/a,n/a,http://www.nasdaq.com/symbol/ibio
IBO,IBO (Listing Market - NYSE Amex Network B F),n/a,0,n/a,n/a,n/a,n/a,http://www.nasdaq.com/symbol/ibo
IEC,IEC Electronics Corp.,6.04,59433600,n/a,1993,n/a,n/a,http://www.nasdaq.com/symbol/iec
IG,"IGI Laboratories, Inc.",1.05,41487600,n/a,n/a,Health Care,Biotechnology: Biological Products (No Diagnostic Substances),http://www.nasdaq.com/symbol/ig
IMH,"Impac Mortgage Holdings, Inc.",2.06,16160700,n/a,1995,Consumer Services,Real Estate Investment Trusts,http://www.nasdaq.com/symbol/imh
IMO,Imperial Oil Limited,43.16,36599680000,n/a,n/a,Energy,Integrated oil Companies,http://www.nasdaq.com/symbol/imo
IOT,Income Opportunity Realty Trust,2.15,8961200,n/a,n/a,Consumer Services,Real Estate Investment Trusts,http://www.nasdaq.com/symbol/iot
IGC,India Globalization Capital Inc.,0.2902,15223892,n/a,1987,Basic Industries,Military/Government/Technical,http://www.nasdaq.com/symbol/igc
IGC/U,India Globalization Capital Inc.,0.3388,0,n/a,n/a,n/a,n/a,http://www.nasdaq.com/symbol/igc/u
IGC/WS,India Globalization Capital Inc.,0.017,0,n/a,n/a,n/a,n/a,http://www.nasdaq.com/symbol/igc/ws
INFU,"InfuSystems Holdings, Inc.",2.15,45859500,n/a,1992,n/a,n/a,http://www.nasdaq.com/symbol/infu
INV,Innovaro Inc,0.9,13644000,n/a,1997,Consumer Services,Professional Services,http://www.nasdaq.com/symbol/inv
IHT,InnSuites Hospitality Trust,1.98,16687440,n/a,n/a,Consumer Services,Real Estate Investment Trusts,http://www.nasdaq.com/symbol/iht
INO,"Inovio Pharmaceuticals, Inc.",0.5,67484000,n/a,n/a,Health Care,Medical/Dental Instruments,http://www.nasdaq.com/symbol/ino
IFMI,"Institutional Financial Markets, Inc.",1.18,15026120,n/a,n/a,Finance,Finance: Consumer Services,http://www.nasdaq.com/symbol/ifmi
IDN,"Intellicheck Mobilisia, Inc.",1.78,48884140,n/a,1999,Technology,Computer Software: Prepackaged Software,http://www.nasdaq.com/symbol/idn
INS,Intelligent Systems Corporation,1.66,14870280,n/a,1992,Capital Goods,Metal Fabrications,http://www.nasdaq.com/symbol/ins
THM,International Tower Hill Mines Ltd,3.47,300793480,n/a,1984,Basic Industries,Precious Metals,http://www.nasdaq.com/symbol/thm
DNN,Intl Uranium Corp,1.6,615457600,n/a,n/a,n/a,n/a,http://www.nasdaq.com/symbol/dnn
INUV,"Inuvo, Inc",0.69,16202580,n/a,n/a,Consumer Services,Advertising,http://www.nasdaq.com/symbol/inuv
VKI,Invesco Van Kampen Advantage Municipal Income Trust II,13.11,579278460,n/a,n/a,n/a,n/a,http://www.nasdaq.com/symbol/vki
VMV,Invesco Van Kampen Massachusetts Value Municipal Income Trust,13.14,35491140,n/a,n/a,n/a,n/a,http://www.nasdaq.com/symbol/vmv
VKL,Invesco Van Kampen Select Sector Municipal Trust,13.2,200521200,n/a,1993,n/a,n/a,http://www.nasdaq.com/symbol/vkl
ICH,"Investors Capital Holdings, Ltd.",4.22,28084100,n/a,1997,Finance,Finance/Investors Services,http://www.nasdaq.com/symbol/ich
IPT,iParty Corporation,0.2,4883600,n/a,n/a,Consumer Services,Other Specialty Stores,http://www.nasdaq.com/symbol/ipt
ISR,"IsoRay, Inc.",0.65,19055400,n/a,n/a,Health Care,Medical/Dental Instruments,http://www.nasdaq.com/symbol/isr
ITI,"Iteris, Inc.",1.36,46420880,n/a,n/a,n/a,n/a,http://www.nasdaq.com/symbol/iti
IVD,"IVAX Diagnostics, Inc.",0.61,20979120,n/a,n/a,Consumer Durables,Major Pharmaceuticals,http://www.nasdaq.com/symbol/ivd
KGN,Keegan Resources Inc,2.91,219134640,n/a,n/a,Basic Industries,Mining & Quarrying of Nonmetallic Minerals (No Fuels),http://www.nasdaq.com/symbol/kgn
KBX,Kimber Resources Inc,0.77,59432450,n/a,n/a,n/a,n/a,http://www.nasdaq.com/symbol/kbx
KXM,Kobex Minerals Inc.,0.62,28570840,n/a,n/a,Basic Industries,Precious Metals,http://www.nasdaq.com/symbol/kxm
LTS,Ladenburg Thalmann Financial Services Inc,1.48,272081720,n/a,n/a,Finance,Investment Bankers/Brokers/Service,http://www.nasdaq.com/symbol/lts
LSG,Lake Shore Gold Corp,0.9,360153000,n/a,n/a,n/a,n/a,http://www.nasdaq.com/symbol/lsg
LCI,Lannett Co Inc,4.16,117960960,n/a,n/a,Consumer Durables,Major Pharmaceuticals,http://www.nasdaq.com/symbol/lci
LAQ,"Latin America Equity Fund, Inc. (The)",32.16,239559840,n/a,1991,n/a,n/a,http://www.nasdaq.com/symbol/laq
LGL,"LGL Group, Inc. (The)",7.35,19110000,n/a,n/a,Capital Goods,Industrial Machinery/Components,http://www.nasdaq.com/symbol/lgl
LBY,"Libbey, Inc.",14.81,303901200,n/a,1993,Capital Goods,Industrial Machinery/Components,http://www.nasdaq.com/symbol/lby
LON,Loncor Resources Inc.,1.2101,71813384.5,n/a,n/a,n/a,n/a,http://www.nasdaq.com/symbol/lon
LPH,Longwei Petroleum Investment Holding Limited,1.37,138050790,n/a,1973,n/a,n/a,http://www.nasdaq.com/symbol/lph
LEI,"Lucas Energy, Inc.",1.63,31851830,n/a,n/a,n/a,n/a,http://www.nasdaq.com/symbol/lei
MCZ,Mad Catz Interactive Inc,0.51,32365620,n/a,n/a,Consumer Non-Durables,Recreational Products/Toys,http://www.nasdaq.com/symbol/mcz
MVG,Mag Silver Corporation,8.7,484302900,n/a,n/a,Basic Industries,Precious Metals,http://www.nasdaq.com/symbol/mvg
MHR^C,Magnum Hunter Resources Corporation,25.3,0,n/a,n/a,n/a,n/a,http://www.nasdaq.com/symbol/mhr^c
MHR^D,Magnum Hunter Resources Corporation,47.53,0,n/a,n/a,n/a,n/a,http://www.nasdaq.com/symbol/mhr^d
MHE,Massachusetts Health and Education Tax-Exempt Trust,15.228,35831484,n/a,1993,n/a,n/a,http://www.nasdaq.com/symbol/mhe
MHH,"Mastech Holdings, Inc",5.7,17920800,n/a,n/a,Consumer Services,Professional Services,http://www.nasdaq.com/symbol/mhh
MDGN,"Medgenics, Inc.",5.88,57377040,n/a,n/a,n/a,n/a,http://www.nasdaq.com/symbol/mdgn
MDGN/WS,"Medgenics, Inc.",2.05,0,n/a,n/a,n/a,n/a,http://www.nasdaq.com/symbol/mdgn/ws
IPB,"Merrill Lynch & Co., Inc.",25.521,38281500,n/a,n/a,n/a,n/a,http://www.nasdaq.com/symbol/ipb
MEA,Metalico Inc,3.14,149325840,n/a,n/a,Basic Industries,Metal Fabrications,http://www.nasdaq.com/symbol/mea
MXC,Mexco Energy Corporation,7.21,14607460,n/a,1972,Energy,Oil & Gas Production,http://www.nasdaq.com/symbol/mxc
CCA,MFS California Insured Municipal Trust,11.89,33125540,n/a,1984,n/a,n/a,http://www.nasdaq.com/symbol/cca
MGT,MGT Capital Investments Inc,4.142,8822460,n/a,n/a,Technology,Computer Software: Prepackaged Software,http://www.nasdaq.com/symbol/mgt
MSL,MidSouth Bancorp,13.58,144382560,n/a,n/a,Finance,Major Banks,http://www.nasdaq.com/symbol/msl
MDW,Midway Gold Corporation,1.19,135646910,n/a,n/a,Basic Industries,Precious Metals,http://www.nasdaq.com/symbol/mdw
MGH,Minco Gold Corporation,0.52,26180960,n/a,n/a,Basic Industries,Precious Metals,http://www.nasdaq.com/symbol/mgh
MGN,"Mines Management, Inc.",1.48,42829720,n/a,1985,n/a,n/a,http://www.nasdaq.com/symbol/mgn
MXA,Minnesota Municipal Income Portfolio Inc.,17.27,71618690,n/a,1993,n/a,n/a,http://www.nasdaq.com/symbol/mxa
MDM,Mountain Province Diamonds Inc.,4.71,379842660,n/a,n/a,n/a,n/a,http://www.nasdaq.com/symbol/mdm
MVF,"MuniVest Fund, Inc.",10.62,669952080,n/a,1993,n/a,n/a,http://www.nasdaq.com/symbol/mvf
MZA,"MuniYield Arizona Fund, Inc.",14.54,66360560,n/a,1993,n/a,n/a,http://www.nasdaq.com/symbol/mza
NHC,National HealthCare Corporation,42.9,599870700,n/a,n/a,Health Care,Hospital/Nursing Management,http://www.nasdaq.com/symbol/nhc
NHC^A,National HealthCare Corporation,15,162615000,n/a,n/a,n/a,n/a,http://www.nasdaq.com/symbol/nhc^a
NAVB,"Navidea Biopharmaceuticals, Inc.",2.87,274062040,n/a,n/a,n/a,n/a,http://www.nasdaq.com/symbol/navb
NBS,"Neostem, Inc.",0.37,42308760,n/a,n/a,Health Care,Hospital/Nursing Management,http://www.nasdaq.com/symbol/nbs
NBS/WS,"Neostem, Inc.",0.03,0,n/a,n/a,n/a,n/a,http://www.nasdaq.com/symbol/nbs/ws
NBW,Neuberger Berman California Intermediate Municipal Fund Inc.,16.26,89576340,n/a,2002,n/a,n/a,http://www.nasdaq.com/symbol/nbw
NHS,Neuberger Berman High Yield Strategies Fund,13.8,169119000,n/a,n/a,n/a,n/a,http://www.nasdaq.com/symbol/nhs
NBH,Neuberger Berman Intermediate Municipal Fund Inc.,16.44,307033440,n/a,2002,n/a,n/a,http://www.nasdaq.com/symbol/nbh
NBO,Neuberger Berman New York Intermediate Municipal Fund Inc.,15.25,76966750,n/a,2002,n/a,n/a,http://www.nasdaq.com/symbol/nbo
NRO,"Neuberger Berman Real Estate Securities Income Fund, Inc.",4.32,253687680,n/a,2003,n/a,n/a,http://www.nasdaq.com/symbol/nro
CUR,"Neuralstem, Inc.",0.97,52472150,n/a,1973,n/a,n/a,http://www.nasdaq.com/symbol/cur
UWN,"Nevada Gold & Casinos, Inc.",1.18,18754920,n/a,n/a,Consumer Services,Services-Misc. Amusement & Recreation,http://www.nasdaq.com/symbol/uwn
NSU,Nevsun Resources Ltd,3.25,650828750,n/a,n/a,Basic Industries,Precious Metals,http://www.nasdaq.com/symbol/nsu
GBR,"New Concept Energy, Inc",1.34,2608980,n/a,n/a,Energy,Oil & Gas Production,http://www.nasdaq.com/symbol/gbr
NEWN,New Energy Systems Group.,0.52,7567040,n/a,n/a,n/a,n/a,http://www.nasdaq.com/symbol/newn
NEN,New England Realty Associates Limited Partnership,27.95,2934750,n/a,n/a,Consumer Services,Building operators,http://www.nasdaq.com/symbol/nen
NGD,NEW GOLD INC.,8,3690864000,n/a,n/a,Basic Industries,Precious Metals,http://www.nasdaq.com/symbol/ngd
PAL,"North American Palladium, Ltd.",2.56,416898560,n/a,2000,Basic Industries,Precious Metals,http://www.nasdaq.com/symbol/pal
NAK,"Northern Dynasty Minerals, Ltd.",4.26,404610540,n/a,n/a,n/a,n/a,http://www.nasdaq.com/symbol/nak
NOG,"Northern Oil and Gas, Inc.",18.59,1180632310,n/a,n/a,n/a,n/a,http://www.nasdaq.com/symbol/nog
NBY,"NovaBay Pharmaceuticals, Inc.",1.17,33860970,n/a,2007,Consumer Durables,Major Pharmaceuticals,http://www.nasdaq.com/symbol/nby
NCQ,NovaCopper Inc.,3.1,0,n/a,n/a,n/a,n/a,http://www.nasdaq.com/symbol/ncq
NG,Novagold Resources Inc New,5.41,1298313440,n/a,n/a,Basic Industries,Precious Metals,http://www.nasdaq.com/symbol/ng
NTN,"NTN Buzztime, Inc.",0.235,16684530,n/a,n/a,Consumer Services,Broadcasting,http://www.nasdaq.com/symbol/ntn
NLP,NTS Realty Holdings Limited Partnership,3.28,36391600,n/a,n/a,Consumer Services,Real Estate Investment Trusts,http://www.nasdaq.com/symbol/nlp
NTS,"NTS, Inc.",0.485,19975695,n/a,n/a,n/a,n/a,http://www.nasdaq.com/symbol/nts
NEA,Nuveen AMT-Free Municipal Income Fund,14.92,331835720,n/a,2002,n/a,n/a,http://www.nasdaq.com/symbol/nea
NFZ,Nuveen Arizona Dividend Advantage Municipal Fund,14.6001,22600954.8,n/a,2001,n/a,n/a,http://www.nasdaq.com/symbol/nfz
NFZ^C,Nuveen Arizona Dividend Advantage Municipal Fund,10.09,0,n/a,n/a,n/a,n/a,http://www.nasdaq.com/symbol/nfz^c
NKR,Nuveen Arizona Dividend Advantage Municipal Fund 2,14.84,36209600,n/a,2002,n/a,n/a,http://www.nasdaq.com/symbol/nkr
NXE,Nuveen Arizona Dividend Advantage Municipal Fund 3,14.2,43537200,n/a,2002,n/a,n/a,http://www.nasdaq.com/symbol/nxe
NKX,Nuveen California AMT-Free Municipal Income Fund,14.6999,86538311.3,n/a,2002,n/a,n/a,http://www.nasdaq.com/symbol/nkx
NVX,Nuveen California Dividend Advantage Municipal Fund 2,15.45,227841150,n/a,2001,n/a,n/a,http://www.nasdaq.com/symbol/nvx
NZH,Nuveen California Dividend Advantage Municipal Fund 3,14.19,342376320,n/a,n/a,n/a,n/a,http://www.nasdaq.com/symbol/nzh
NCB,Nuveen California Municipal Value Fund 2,16.4,53923200,n/a,n/a,n/a,n/a,http://www.nasdaq.com/symbol/ncb
NCU,Nuveen California Premium Income Municipal Fund,15.23,87283130,n/a,1993,n/a,n/a,http://www.nasdaq.com/symbol/ncu
NFC,Nuveen Connecticut Dividend Advantage Municipal Fund,14.85,38402100,n/a,2001,n/a,n/a,http://www.nasdaq.com/symbol/nfc
NGK,Nuveen Connecticut Dividend Advantage Municipal Fund 2,14.89,34544800,n/a,2002,n/a,n/a,http://www.nasdaq.com/symbol/ngk
NGO,Nuveen Connecticut Dividend Advantage Municipal Fund 3,14.03,61269010,n/a,2002,n/a,n/a,http://www.nasdaq.com/symbol/ngo
CFD,Nuveen Diversified Commodity Fund,20.71,190925490,n/a,1998,n/a,n/a,http://www.nasdaq.com/symbol/cfd
NXZ,Nuveen Dividend Advantage Municipal Fund 2,15.21,448117020,n/a,2001,n/a,n/a,http://www.nasdaq.com/symbol/nxz
NZF,Nuveen Dividend Advantage Municipal Fund 3,15.25,615978000,n/a,2007,n/a,n/a,http://www.nasdaq.com/symbol/nzf
NVG,Nuveen Dividend Advantage Municipal Income Fund,15.36,457774080,n/a,2002,n/a,n/a,http://www.nasdaq.com/symbol/nvg
NZX,Nuveen Georgia Dividend Advantage Municipal Fund,16.022,31595384,n/a,n/a,n/a,n/a,http://www.nasdaq.com/symbol/nzx
NZX^C,Nuveen Georgia Dividend Advantage Municipal Fund,10.08,0,n/a,n/a,n/a,n/a,http://www.nasdaq.com/symbol/nzx^c
NKG,Nuveen Georgia Dividend Advantage Municipal Fund 2,15,68325000,n/a,2002,n/a,n/a,http://www.nasdaq.com/symbol/nkg
NPG,Nuveen Georgia Premium Income Municipal Fund,15.062,57341034,n/a,1993,n/a,n/a,http://www.nasdaq.com/symbol/npg
NGX,Nuveen Insured Massachusetts Tax-Free Advantage Municipal Fund,15.66,42704820,n/a,2002,n/a,n/a,http://www.nasdaq.com/symbol/ngx
NFM,Nuveen Maryland Dividend Advantage Municipal Fund,14.9286,62655334.2,n/a,2001,n/a,n/a,http://www.nasdaq.com/symbol/nfm
NZR,Nuveen Maryland Dividend Advantage Municipal Fund 2,15.12,63549360,n/a,n/a,n/a,n/a,http://www.nasdaq.com/symbol/nzr
NWI,Nuveen Maryland Dividend Advantage Municipal Fund 3,14.8001,79417336.6,n/a,2002,n/a,n/a,http://www.nasdaq.com/symbol/nwi
NMB,Nuveen Massachusetts Dividend Advantage Municipal Fund,14.65,28801900,n/a,2001,n/a,n/a,http://www.nasdaq.com/symbol/nmb
NMB^C,Nuveen Massachusetts Dividend Advantage Municipal Fund,10.11,0,n/a,n/a,n/a,n/a,http://www.nasdaq.com/symbol/nmb^c
NZW,Nuveen Michigan Dividend Advantage Municipal Fund,14.41,29583730,n/a,n/a,n/a,n/a,http://www.nasdaq.com/symbol/nzw
NZW^C,Nuveen Michigan Dividend Advantage Municipal Fund,10.09,0,n/a,n/a,n/a,n/a,http://www.nasdaq.com/symbol/nzw^c
NOM,Nuveen Missouri Premium Income Municipal Fund,16.93,39311460,n/a,1993,n/a,n/a,http://www.nasdaq.com/symbol/nom
NMZ,Nuveen Municipal High Income Opportunity Fund,13.35,372091200,n/a,2003,n/a,n/a,http://www.nasdaq.com/symbol/nmz
NXJ,Nuveen New Jersey Dividend Advantage Municipal Fund,14.976,98392320,n/a,2001,n/a,n/a,http://www.nasdaq.com/symbol/nxj
NUJ,Nuveen New Jersey Dividend Advantage Municipal Fund 2,15.67,70875410,n/a,1991,n/a,n/a,http://www.nasdaq.com/symbol/nuj
NJV,Nuveen New Jersey Municipal Value Fund,16.79,26209190,n/a,n/a,n/a,n/a,http://www.nasdaq.com/symbol/njv
NRK,Nuveen New York AMT-Free Municipal Income Fund,14.6485,51372289.5,n/a,2002,n/a,n/a,http://www.nasdaq.com/symbol/nrk
NXK,Nuveen New York Dividend Advantage Municipal Fund 2,14.7,95388300,n/a,2001,n/a,n/a,http://www.nasdaq.com/symbol/nxk
NKO,Nuveen New York Dividend Advantage Municipal Income Fund,14.886,118150182,n/a,2002,n/a,n/a,http://www.nasdaq.com/symbol/nko
NYV,Nuveen New York Municipal Value Fund 2,15.97,37481590,n/a,2009,n/a,n/a,http://www.nasdaq.com/symbol/nyv
NRB,Nuveen North Carolina Dividend Advantage Municipal Fund,16.28,36988160,n/a,2001,n/a,n/a,http://www.nasdaq.com/symbol/nrb
NNO,Nuveen North Carolina Dividend Advantage Municipal Fund 2,15.7335,59047825.5,n/a,2001,n/a,n/a,http://www.nasdaq.com/symbol/nno
NII,Nuveen North Carolina Dividend Advantage Municipal Fund 3,15.71,61850270,n/a,2002,n/a,n/a,http://www.nasdaq.com/symbol/nii
NXI,Nuveen Ohio Dividend Advantage Municipal Fund,15.82,67171720,n/a,2001,n/a,n/a,http://www.nasdaq.com/symbol/nxi
NXI^D,Nuveen Ohio Dividend Advantage Municipal Fund,10.11,0,n/a,n/a,n/a,n/a,http://www.nasdaq.com/symbol/nxi^d
NBJ,Nuveen Ohio Dividend Advantage Municipal Fund 2,15.58,48640760,n/a,n/a,n/a,n/a,http://www.nasdaq.com/symbol/nbj
NBJ^A,Nuveen Ohio Dividend Advantage Municipal Fund 2,10.1,0,n/a,n/a,n/a,n/a,http://www.nasdaq.com/symbol/nbj^a
NVJ,Nuveen Ohio Dividend Advantage Municipal Fund 3,15.66,33794280,n/a,2002,n/a,n/a,http://www.nasdaq.com/symbol/nvj
NVJ^A,Nuveen Ohio Dividend Advantage Municipal Fund 3,10.09,0,n/a,n/a,n/a,n/a,http://www.nasdaq.com/symbol/nvj^a
NXM,Nuveen Pennsylvania Dividend Advantage Municipal Fund,14.55,48335100,n/a,2001,n/a,n/a,http://www.nasdaq.com/symbol/nxm
NVY,Nuveen Pennsylvania Dividend Advantage Municipal Fund 2,15,55890000,n/a,1993,n/a,n/a,http://www.nasdaq.com/symbol/nvy
NPN,Nuveen Pennsylvania Municipal Value Fund,15.43,18809170,n/a,1992,n/a,n/a,http://www.nasdaq.com/symbol/npn
JRS,Nuveen Real Estate Fund,11.17,319629550,n/a,2001,n/a,n/a,http://www.nasdaq.com/symbol/jrs
JFP,Nuveen Tax-Advantaged Floating Rate Fund,2.46,34398180,n/a,n/a,n/a,n/a,http://www.nasdaq.com/symbol/jfp
NGB,Nuveen Virginia Dividend Advantage Municipal Fund,16.25,51122500,n/a,2001,n/a,n/a,http://www.nasdaq.com/symbol/ngb
NNB,Nuveen Virginia Dividend Advantage Municipal Fund 2,16.5,94726500,n/a,2001,n/a,n/a,http://www.nasdaq.com/symbol/nnb
BQI,Oilsands Quest Inc,0.179,62417121,n/a,n/a,Basic Industries,Precious Metals,http://www.nasdaq.com/symbol/bqi
OBT,Orbital Corporation Limited,5.19,3150330,n/a,n/a,n/a,n/a,http://www.nasdaq.com/symbol/obt
TIS,Orchids Paper Products Company,18.02,135762680,n/a,1988,Basic Industries,Paper,http://www.nasdaq.com/symbol/tis
ONP,"Orient Paper, Inc.",2.75,50765000,n/a,n/a,n/a,n/a,http://www.nasdaq.com/symbol/onp
OESX,"Orion Energy Systems, Inc.",2.12,48783320,n/a,2007,Consumer Durables,Building Products,http://www.nasdaq.com/symbol/oesx
OFI,"Overhill Farms, Inc.",4.41,69779430,n/a,n/a,Consumer Non-Durables,Packaged Foods,http://www.nasdaq.com/symbol/ofi
PHF,"Pacholder High Yield Fund, Inc.",8.94,115942860,n/a,1988,n/a,n/a,http://www.nasdaq.com/symbol/phf
PBM,Pacific Booker Minerals Inc,13.5,162405000,n/a,n/a,Basic Industries,Precious Metals,http://www.nasdaq.com/symbol/pbm
PCG^A,Pacific Gas & Electric Co.,30.6,177021000,n/a,n/a,n/a,n/a,http://www.nasdaq.com/symbol/pcg^a
PCG^B,Pacific Gas & Electric Co.,27.42,32163660,n/a,n/a,n/a,n/a,http://www.nasdaq.com/symbol/pcg^b
PCG^C,Pacific Gas & Electric Co.,25.89,10356000,n/a,n/a,n/a,n/a,http://www.nasdaq.com/symbol/pcg^c
PCG^D,Pacific Gas & Electric Co.,24.98,44414440,n/a,n/a,n/a,n/a,http://www.nasdaq.com/symbol/pcg^d
PCG^E,Pacific Gas & Electric Co.,24.97,30438430,n/a,n/a,n/a,n/a,http://www.nasdaq.com/symbol/pcg^e
PCG^G,Pacific Gas & Electric Co.,24.29,19261970,n/a,n/a,n/a,n/a,http://www.nasdaq.com/symbol/pcg^g
PCG^H,Pacific Gas & Electric Co.,23.44,14321840,n/a,n/a,n/a,n/a,http://www.nasdaq.com/symbol/pcg^h
PCG^I,Pacific Gas & Electric Co.,23.5,9823000,n/a,n/a,n/a,n/a,http://www.nasdaq.com/symbol/pcg^i
PPW^,PacifiCorp,99.65,12555900,n/a,n/a,n/a,n/a,http://www.nasdaq.com/symbol/ppw^
PTN,"Palatin Technologies, Inc.",0.6,20940600,n/a,1997,Consumer Durables,Major Pharmaceuticals,http://www.nasdaq.com/symbol/ptn
PZG,Paramount Gold and Silver Corp.,2.21,302520270,n/a,n/a,Basic Industries,Precious Metals,http://www.nasdaq.com/symbol/pzg
PCYG,"Park City Group, Inc.",3.6399,43292970.6,n/a,n/a,n/a,n/a,http://www.nasdaq.com/symbol/pcyg
PRK,Park National Corporation,65.74,1012790440,n/a,n/a,Finance,Major Banks,http://www.nasdaq.com/symbol/prk
PTX,"Pernix Therapeutics Holdings, Inc.",7.85,206878900,n/a,1993,n/a,n/a,http://www.nasdaq.com/symbol/ptx
PIP,"PharmAthene, Inc",1.4,67669000,n/a,1973,Consumer Durables,Major Pharmaceuticals,http://www.nasdaq.com/symbol/pip
HNW,Pioneer Diversified High Income Trust,19.98,164755080,n/a,2007,n/a,n/a,http://www.nasdaq.com/symbol/hnw
PDC,Pioneer Drilling Co,8.04,497515200,n/a,1991,Energy,Oil & Gas Production,http://www.nasdaq.com/symbol/pdc
PLG,Platinum Group Metals Ltd.,1.26,223757100,n/a,1989,Basic Industries,Precious Metals,http://www.nasdaq.com/symbol/plg
PCC,PMC Commercial Trust,8.271,87548535,n/a,1993,Consumer Services,Real Estate Investment Trusts,http://www.nasdaq.com/symbol/pcc
PLM,Polymet Mining Corp.,1,154825000,n/a,n/a,Basic Industries,Precious Metals,http://www.nasdaq.com/symbol/plm
PW,Power REIT,9.4301,15305052.3,n/a,n/a,Consumer Services,Real Estate Investment Trusts,http://www.nasdaq.com/symbol/pw
APTS,"Preferred Apartment Communities, Inc.",7.75,40129500,n/a,n/a,n/a,n/a,http://www.nasdaq.com/symbol/apts
PBTH,"PROLOR Biotech, Inc.",5.24,290390320,n/a,n/a,n/a,n/a,http://www.nasdaq.com/symbol/pbth
PLX,"Protalix BioTherapeutics, Inc.",6.76,613909400,n/a,n/a,Health Care,Biotechnology: Biological Products (No Diagnostic Substances),http://www.nasdaq.com/symbol/plx
PDO,Pyramid Oil Co,4.45,20843800,n/a,n/a,Energy,Oil & Gas Production,http://www.nasdaq.com/symbol/pdo
QMM,Quaterra Resources Inc,0.4,60941200,n/a,n/a,n/a,n/a,http://www.nasdaq.com/symbol/qmm
QPSA,Quepasa Corporation,3.66,132737220,n/a,n/a,n/a,n/a,http://www.nasdaq.com/symbol/qpsa
QRM,Quest Rare Minerals Ltd,2,123460000,n/a,n/a,n/a,n/a,http://www.nasdaq.com/symbol/qrm
RLGT,"Radiant Logistics, Inc.",2,64622000,n/a,n/a,n/a,n/a,http://www.nasdaq.com/symbol/rlgt
REE,Rare Element Resources Ltd.,4.49,198597190,n/a,1992,n/a,n/a,http://www.nasdaq.com/symbol/ree
UTG,Reaves Utility Income Fund,26.2,602416600,n/a,2004,n/a,n/a,http://www.nasdaq.com/symbol/utg
RWC,RELM Wireless Corporation,1.36,18418480,n/a,n/a,Technology,Radio And Television Broadcasting And Communications Equipment,http://www.nasdaq.com/symbol/rwc
RCG,"Renaissance Capital Growth & Income Fund III, Inc.",1.8399,8213313.6,n/a,n/a,n/a,n/a,http://www.nasdaq.com/symbol/rcg
RTK,"Rentech, Inc.",1.85,422556650,n/a,1991,Basic Industries,Agricultural Chemicals,http://www.nasdaq.com/symbol/rtk
RVP,"Retractable Technologies, Inc.",1.01,25572190,n/a,n/a,Health Care,Medical/Dental Instruments,http://www.nasdaq.com/symbol/rvp
RVM,Revett Minerals Inc.,3.77,128851060,n/a,n/a,n/a,n/a,http://www.nasdaq.com/symbol/rvm
RNN,"Rexahn Pharmaceuticals, Inc.",0.45,42905700,n/a,n/a,Consumer Durables,Major Pharmaceuticals,http://www.nasdaq.com/symbol/rnn
RIC,"Richmont Mines, Inc.",6.06,200646600,n/a,n/a,Basic Industries,Precious Metals,http://www.nasdaq.com/symbol/ric
RIF,RMR Real Estate Income Fund.,16.31,28624050,n/a,2002,n/a,n/a,http://www.nasdaq.com/symbol/rif
RPI,"Roberts Realty Investors, Inc.",1.34,13969500,n/a,n/a,Consumer Services,Real Estate Investment Trusts,http://www.nasdaq.com/symbol/rpi
RBY,Rubicon Minerals Corp,2.92,694828600,n/a,n/a,Basic Industries,Precious Metals,http://www.nasdaq.com/symbol/rby
BQY,S&P Quality Rankings Glbl Equ Mngd Tr,12.27,365228820,n/a,2004,n/a,n/a,http://www.nasdaq.com/symbol/bqy
SGA,"Saga Communications, Inc.",34.78,127016560,n/a,1992,Consumer Services,Broadcasting,http://www.nasdaq.com/symbol/sga
SAL,"Salisbury Bancorp, Inc.",24.86,41988540,n/a,n/a,Finance,Savings Institutions,http://www.nasdaq.com/symbol/sal
SSN,Samson Oil & Gas Limited,1.81,95464830,n/a,n/a,Energy,Oil & Gas Production,http://www.nasdaq.com/symbol/ssn
SDO^A,San Diego Gas & Electric Company,24.2,9075000,n/a,n/a,n/a,n/a,http://www.nasdaq.com/symbol/sdo^a
SDO^B,San Diego Gas & Electric Company,21,6300000,n/a,n/a,n/a,n/a,http://www.nasdaq.com/symbol/sdo^b
SDO^C,San Diego Gas & Electric Company,20.15,6548750,n/a,n/a,n/a,n/a,http://www.nasdaq.com/symbol/sdo^c
SDO^H,San Diego Gas & Electric Company,30.6,19584000,n/a,n/a,n/a,n/a,http://www.nasdaq.com/symbol/sdo^h
SARA,Saratoga Resources Inc,7.1,193723500,n/a,n/a,n/a,n/a,http://www.nasdaq.com/symbol/sara
SEB,Seaboard Corporation,1941.39,2341316340,n/a,1996,Consumer Non-Durables,Meat/Poultry/Fish,http://www.nasdaq.com/symbol/seb
IDI,SearchMedia Holdings Limited,1.91,39840690,n/a,n/a,Finance,Business Services,http://www.nasdaq.com/symbol/idi
IDI/U,SearchMedia Holdings Limited,3.5,0,n/a,n/a,n/a,n/a,http://www.nasdaq.com/symbol/idi/u
IDI/WS,SearchMedia Holdings Limited,0.1334,0,n/a,n/a,n/a,n/a,http://www.nasdaq.com/symbol/idi/ws
SED,SED International Holdings Inc,3.0501,15104095.2,n/a,n/a,n/a,n/a,http://www.nasdaq.com/symbol/sed
SNT,Senesco Technologies Inc,0.219,19277694,n/a,n/a,Health Care,Biotechnology: Commercial Physical & Biological Resarch,http://www.nasdaq.com/symbol/snt
SVT,"Servotronics, Inc.",9.7,22484600,n/a,n/a,Capital Goods,Industrial Machinery/Components,http://www.nasdaq.com/symbol/svt
SIF,"SIFCO Industries, Inc.",18.75,99356250,n/a,n/a,Capital Goods,Aerospace,http://www.nasdaq.com/symbol/sif
SVBL,"Silver Bull Resources, Inc.",0.5,68080000,n/a,n/a,Basic Industries,Precious Metals,http://www.nasdaq.com/symbol/svbl
WWZ^K,SiM Internal Test 10,n/a,0,n/a,n/a,n/a,n/a,http://www.nasdaq.com/symbol/wwz^k
MMZ^K,SiM Internal Test 6,n/a,0,n/a,n/a,n/a,n/a,http://www.nasdaq.com/symbol/mmz^k
OOZ^K,SiM Internal Test 7,n/a,0,n/a,n/a,n/a,n/a,http://www.nasdaq.com/symbol/ooz^k
QQZ^K,SiM Internal Test 8,n/a,0,n/a,n/a,n/a,n/a,http://www.nasdaq.com/symbol/qqz^k
SS^K,SiM Internal Test 9,n/a,0,n/a,n/a,n/a,n/a,http://www.nasdaq.com/symbol/ss^k
SIHI,"SinoHub, Inc",0.57,19069350,n/a,n/a,Consumer Non-Durables,Electronic Components,http://www.nasdaq.com/symbol/sihi
SLI,"SL Industries, Inc.",14.23,64518820,n/a,n/a,Capital Goods,Industrial Machinery/Components,http://www.nasdaq.com/symbol/sli
ZXX,SM Listed Test 3,n/a,0,n/a,n/a,n/a,n/a,http://www.nasdaq.com/symbol/zxx
ZXX^F,SM Listed Test 3,n/a,0,n/a,n/a,n/a,n/a,http://www.nasdaq.com/symbol/zxx^f
XPL,Solitario Exploration & Royalty Corp,1.2499,42784077,n/a,n/a,Basic Industries,Precious Metals,http://www.nasdaq.com/symbol/xpl
SOQ,Sonde Resources Corp,1.95,121486950,n/a,n/a,Energy,Oil & Gas Production,http://www.nasdaq.com/symbol/soq
SCE^B,Southern California Edison Company,20.75,20750000,n/a,n/a,n/a,n/a,http://www.nasdaq.com/symbol/sce^b
SCE^C,Southern California Edison Company,21.79,26148000,n/a,n/a,n/a,n/a,http://www.nasdaq.com/symbol/sce^c
SCE^D,Southern California Edison Company,23.3,38514900,n/a,n/a,n/a,n/a,http://www.nasdaq.com/symbol/sce^d
SCE^E,Southern California Edison Company,24.55,31841350,n/a,n/a,n/a,n/a,http://www.nasdaq.com/symbol/sce^e
SSE,Southern Connecticut Bancorp Inc,1.8,4923000,n/a,n/a,n/a,n/a,http://www.nasdaq.com/symbol/sse
SGB,Southwest Georgia Financial Corporation,8.93,22753640,n/a,n/a,Finance,Major Banks,http://www.nasdaq.com/symbol/sgb
LOV,"Spark Networks, Inc.",4.82,99277540,n/a,n/a,Miscellaneous,Business Services,http://www.nasdaq.com/symbol/lov
SILU,Sprott Resource Lending Corp.,1.56,240587880,n/a,n/a,n/a,n/a,http://www.nasdaq.com/symbol/silu
SSY,"SunLink Health Systems, Inc.",1.13,10676240,n/a,n/a,Health Care,Hospital/Nursing Management,http://www.nasdaq.com/symbol/ssy
STS,"Supreme Industries, Inc.",4.15,55925400,n/a,n/a,Capital Goods,Construction/Ag Equipment/Trucks,http://www.nasdaq.com/symbol/sts
SYRG,Synergy Resources Corporation,3.51,179529480,n/a,n/a,n/a,n/a,http://www.nasdaq.com/symbol/syrg
SYN,"Synthetic Biologics, Inc",1.65,53958300,n/a,1983,Consumer Durables,Major Pharmaceuticals,http://www.nasdaq.com/symbol/syn
TTTM,T3 Motion Inc,1.38,17775780,n/a,n/a,n/a,n/a,http://www.nasdaq.com/symbol/tttm
TTTM/WS/W,T3 Motion Inc,n/a,0,n/a,n/a,n/a,n/a,http://www.nasdaq.com/symbol/tttm/ws/w
TTTM/WS/Z,T3 Motion Inc,n/a,0,n/a,n/a,n/a,n/a,http://www.nasdaq.com/symbol/tttm/ws/z
TLB/WS,"Talbots, Inc. (The)",0.0197,0,n/a,n/a,n/a,n/a,http://www.nasdaq.com/symbol/tlb/ws
TRX,Tanzanian Royalty Exploration Corporation,4.19,418966480,n/a,2005,Basic Industries,Precious Metals,http://www.nasdaq.com/symbol/trx
TGB,Taseko Mines Limited,2.79,548248950,n/a,n/a,n/a,n/a,http://www.nasdaq.com/symbol/tgb
TAS,Tasman Metals Ltd,1.6,93828800,n/a,n/a,n/a,n/a,http://www.nasdaq.com/symbol/tas
TSH,Teche Holding Company,37.02,76594380,n/a,n/a,Finance,Savings Institutions,http://www.nasdaq.com/symbol/tsh
TIK,Tel-Instrument Electronics Corp.,5.7,15298800,n/a,n/a,Capital Goods,Electrical Products,http://www.nasdaq.com/symbol/tik
TGC,"Tengasco, Inc.",0.99,60129630,n/a,n/a,Energy,Oil & Gas Production,http://www.nasdaq.com/symbol/tgc
TF,Thai Capital Fund Inc,11.45,40819250,n/a,n/a,n/a,n/a,http://www.nasdaq.com/symbol/tf
TPI,"Tianyin Pharmaceutical Co., Inc.",0.7045,20709482,n/a,1986,n/a,n/a,http://www.nasdaq.com/symbol/tpi
TLR,Timberline Resources Corporation,0.38,23663360,n/a,1983,n/a,n/a,http://www.nasdaq.com/symbol/tlr
TGD,Timmons Gold Corp,2.18,305834380,n/a,n/a,n/a,n/a,http://www.nasdaq.com/symbol/tgd
TOF,Tofutti Brands Inc.,1.78,9174120,n/a,n/a,Consumer Non-Durables,Specialty Foods,http://www.nasdaq.com/symbol/tof
TMP,Tompkins Financial Corporation,36.67,409127190,n/a,n/a,Finance,Major Banks,http://www.nasdaq.com/symbol/tmp
TAT,Transatlantic Petroleum Ltd,0.97,355537980,n/a,n/a,Energy,Oil & Gas Production,http://www.nasdaq.com/symbol/tat
TA,TravelCenters of America LLC,4.93,141855820,n/a,n/a,Consumer Durables,Automotive Aftermarket,http://www.nasdaq.com/symbol/ta
TPLM,Triangle Petroleum Corporation,5.76,254327040,n/a,n/a,n/a,n/a,http://www.nasdaq.com/symbol/tplm
TRT,Trio-Tech International,1.9,6311800,n/a,1984,Technology,Industrial Machinery/Components,http://www.nasdaq.com/symbol/trt
TIV,Tri-Valley Corporation,0.0846,5753984.4,n/a,n/a,Energy,Oil & Gas Production,http://www.nasdaq.com/symbol/tiv
TCX,Tucows Inc.,1.49,68821610,n/a,n/a,Technology,EDP Services,http://www.nasdaq.com/symbol/tcx
TWO/WS,Two Harbors Investments Corp,0.23,0,n/a,n/a,n/a,n/a,http://www.nasdaq.com/symbol/two/ws
HTM,U.S. Geothermal Inc.,0.44,37395600,n/a,n/a,Public Utilities,Electric Utilities: Central,http://www.nasdaq.com/symbol/htm
UVE,UNIVERSAL INSURANCE HOLDINGS INC,3.83,153854930,n/a,n/a,n/a,n/a,http://www.nasdaq.com/symbol/uve
UPG,Universal Power Group Inc,2.07,10391400,n/a,2006,Consumer Non-Durables,Telecommunications Equipment,http://www.nasdaq.com/symbol/upg
UUU,"Universal Security Instruments, Inc.",5.31,12457260,n/a,n/a,Consumer Non-Durables,Electronic Components,http://www.nasdaq.com/symbol/uuu
UQM,UQM TECHNOLOGIES INC,1.15,42011800,n/a,n/a,Capital Goods,Industrial Machinery/Components,http://www.nasdaq.com/symbol/uqm
URG,Ur Energy Inc,1.05,108858750,n/a,n/a,n/a,n/a,http://www.nasdaq.com/symbol/urg
URZ,Uranerz Energy Corporation,1.45,111866050,n/a,n/a,Basic Industries,Precious Metals,http://www.nasdaq.com/symbol/urz
UEC,Uranium Energy Corp.,2.52,191383920,n/a,n/a,Basic Industries,Precious Metals,http://www.nasdaq.com/symbol/uec
VTG,Vantage Drilling Company,1.58,461113520,n/a,n/a,Energy,Oil & Gas Production,http://www.nasdaq.com/symbol/vtg
VSR,"Versar, Inc.",2.56,24762880,n/a,1986,Consumer Services,Military/Government/Technical,http://www.nasdaq.com/symbol/vsr
VII,"Vicon Industries, Inc.",2.949,13193826,n/a,n/a,Consumer Durables,Telecommunications Equipment,http://www.nasdaq.com/symbol/vii
VHC,VirnetX Holding Corp,31,1573901000,n/a,n/a,Miscellaneous,Multi-Sector Companies,http://www.nasdaq.com/symbol/vhc
VGZ,Vista Gold Corporation,2.75,195819250,n/a,n/a,Basic Industries,Precious Metals,http://www.nasdaq.com/symbol/vgz
VOG,"Voyager Oil & Gas, Inc.",2.09,122156320,n/a,n/a,n/a,n/a,http://www.nasdaq.com/symbol/vog
VRNG,"Vringo, Inc.",3.39,46988790,n/a,n/a,n/a,n/a,http://www.nasdaq.com/symbol/vrng
VRNG/WS,"Vringo, Inc.",1,0,n/a,n/a,n/a,n/a,http://www.nasdaq.com/symbol/vrng/ws
WAC,Walter Investment Management Corp.,20.12,562494840,n/a,1991,n/a,n/a,http://www.nasdaq.com/symbol/wac
WSO/B,"Watsco, Inc.",72.9,343286100,n/a,n/a,n/a,n/a,http://www.nasdaq.com/symbol/wso/b
EAD,Wells Fargo Advantage Income Opportunities Fund,10.31,713544790,n/a,2003,n/a,n/a,http://www.nasdaq.com/symbol/ead
ERC,Wells Fargo Advantage Multi-Sector Income Fund,15.32,644282600,n/a,2003,n/a,n/a,http://www.nasdaq.com/symbol/erc
ERH,Wells Fargo Advantage Utilities and High Income Fund,11.63,105402690,n/a,2004,n/a,n/a,http://www.nasdaq.com/symbol/erh
WGA,Wells-Gardner Electronics Corporation,2.01,23305950,n/a,n/a,Technology,Radio And Television Broadcasting And Communications Equipment,http://www.nasdaq.com/symbol/wga
SBI,Western Asset Intermediate Muni Fund Inc,10.33,145084850,n/a,1992,n/a,n/a,http://www.nasdaq.com/symbol/sbi
WRN,Western Copper and Gold Corporation,1.13,105093390,n/a,1994,n/a,n/a,http://www.nasdaq.com/symbol/wrn
RVR,"White River Capital, Inc.",22.45,79585250,n/a,1984,Finance,Finance: Consumer Services,http://www.nasdaq.com/symbol/rvr
WSR,Whitestone REIT,13.51,137234580,n/a,2010,n/a,n/a,http://www.nasdaq.com/symbol/wsr
WYY,WidePoint Corporation,0.8485,53648109.5,n/a,n/a,n/a,n/a,http://www.nasdaq.com/symbol/wyy
WMCO,"Williams Controls, Inc.",11.03,80607240,n/a,1989,Capital Goods,Auto Parts:O.E.M.,http://www.nasdaq.com/symbol/wmco
WEX,"Winland Electronics, Inc.",0.5122,1896164.4,n/a,n/a,Capital Goods,Industrial Machinery/Components,http://www.nasdaq.com/symbol/wex
WTT,"Wireless Telecom Group,  Inc.",1.2,29188800,n/a,n/a,Capital Goods,Electrical Products,http://www.nasdaq.com/symbol/wtt
WIS^,Wisconsin Power & Light Co.,98,9800000,n/a,n/a,n/a,n/a,http://www.nasdaq.com/symbol/wis^
WZE,WIZZARD SOFTWARE CORPORATION,2.41,19675240,n/a,n/a,n/a,n/a,http://www.nasdaq.com/symbol/wze
XPO,"XPO Logistics, Inc.",16.23,285875220,n/a,n/a,Consumer Services,Transportation Services,http://www.nasdaq.com/symbol/xpo
YMI,"YM BioSciences, Inc.",2.06,240364920,n/a,n/a,Consumer Durables,Major Pharmaceuticals,http://www.nasdaq.com/symbol/ymi
ZBB,ZBB Energy Corporation,0.479,19665345,n/a,2007,Public Utilities,Electric Utilities: Central,http://www.nasdaq.com/symbol/zbb
